date,Mkt-RF,SMB,HML,RF
26-Jul,2.96,-2.56,-2.43,0.22
26-Aug,2.64,-1.17,3.82,0.25
26-Sep,0.36,-1.4,0.13,0.23
26-Oct,-3.24,-0.09,0.7,0.32
26-Nov,2.53,-0.1,-0.51,0.31
26-Dec,2.62,-0.03,-0.05,0.28
27-Jan,-0.06,-0.37,4.54,0.25
27-Feb,4.18,0.04,2.94,0.26
27-Mar,0.13,-1.65,-2.61,0.3
27-Apr,0.46,0.3,0.81,0.25
27-May,5.44,1.53,4.73,0.3
27-Jun,-2.34,0.59,-1.73,0.26
27-Jul,7.26,-3.25,-1.14,0.3
27-Aug,1.97,-0.69,-3.74,0.28
27-Sep,4.76,-3.63,-0.63,0.21
27-Oct,-4.31,2.12,-4.33,0.25
27-Nov,6.58,2.72,-0.27,0.21
27-Dec,2.09,0.97,-1.13,0.22
28-Jan,-0.68,4.26,-0.75,0.25
28-Feb,-1.7,-2.06,-0.65,0.33
28-Mar,8.81,-0.26,-1.22,0.29
28-Apr,4.23,3.98,3.44,0.22
28-May,1.52,2.85,-3.27,0.32
28-Jun,-4.85,-3.52,-0.03,0.31
28-Jul,0.62,-1.32,-0.5,0.32
28-Aug,6.68,-2.06,-2.15,0.32
28-Sep,2.88,2.41,0.86,0.27
28-Oct,1.33,2.22,-2.16,0.41
28-Nov,11.81,-1.78,2.7,0.38
28-Dec,0.36,-0.86,-0.65,0.06
29-Jan,4.66,-3.56,-1.24,0.34
Feb-29,-0.34,-0.38,1.66,0.36
29-Mar,-0.89,-4.71,1.58,0.34
29-Apr,1.43,-0.97,0.59,0.36
29-May,-6.39,-5.37,-1.42,0.44
29-Jun,9.7,-2.17,-2.79,0.52
29-Jul,4.46,-3.88,2.71,0.33
29-Aug,8.18,-9.59,0.13,0.4
29-Sep,-5.47,1.19,-0.65,0.35
29-Oct,-20.12,-4.01,7.78,0.46
29-Nov,-12.74,-1.72,5.05,0.37
29-Dec,1.33,-4.5,-0.54,0.37
30-Jan,5.61,3.55,-0.96,0.14
Feb-30,2.5,0.19,0.2,0.3
30-Mar,7.1,3.41,0.33,0.35
30-Apr,-2.06,-0.35,-0.35,0.21
30-May,-1.66,-2.01,-0.73,0.26
30-Jun,-16.27,-3.38,2.33,0.27
30-Jul,4.12,-0.28,-1.75,0.2
30-Aug,0.3,-2.1,-0.61,0.09
30-Sep,-12.75,-2.21,-4.96,0.22
30-Oct,-8.78,-0.12,-1.38,0.09
30-Nov,-3.04,2.23,-3.66,0.13
30-Dec,-7.83,-4.6,-5.25,0.14
31-Jan,6.24,3.45,7.12,0.15
Feb-31,10.88,3.59,1.92,0.04
31-Mar,-6.43,2.98,-3.44,0.13
Apr-31,-9.98,-4.45,-3.82,0.08
31-May,-13.24,5.35,-6.57,0.09
Jun-31,13.9,-5.32,11.29,0.08
31-Jul,-6.62,1.42,-2.11,0.06
31-Aug,0.41,-1.95,-1.47,0.03
Sep-31,-29.13,0.54,-6.77,0.03
31-Oct,8.04,-1.87,1.7,0.1
Nov-31,-9.08,4.31,-5.04,0.17
31-Dec,-13.53,-0.55,-8.85,0.12
Jan-32,-1.58,3.93,9.03,0.23
Feb-32,5.46,-2.78,-1.46,0.23
Mar-32,-11.21,2.27,-2.32,0.16
Apr-32,-17.96,1.45,1.43,0.11
May-32,-20.51,3.91,-2.98,0.06
Jun-32,-0.7,0.33,5.3,0.02
Jul-32,33.84,-4.59,35.61,0.03
Aug-32,37.06,13.41,34.24,0.03
Sep-32,-2.94,-2.08,-7.36,0.03
Oct-32,-13.17,-2.56,-10.33,0.02
Nov-32,-5.88,2,-13.11,0.02
Dec-32,4.4,-8.64,-7.72,0.01
Jan-33,1.25,0.63,6.36,0.01
Feb-33,-15.24,-2.58,-2.95,-0.03
Mar-33,3.29,3.79,7.54,0.04
Apr-33,38.85,3.07,19.65,0.1
May-33,21.43,36.56,19.19,0.04
Jun-33,13.11,8.42,-1.78,0.02
Jul-33,-9.63,-1.05,3.27,0.02
Aug-33,12.05,-5.39,3,0.03
Sep-33,-10.65,-0.4,-11.74,0.02
Oct-33,-8.36,-0.2,-8.57,0.01
Nov-33,9.97,-6.47,2.32,0.02
Dec-33,1.83,0.63,-1.56,0.02
Jan-34,12.6,12.69,15.59,0.05
Feb-34,-2.5,5.1,2,0.02
Mar-34,0.09,2.51,-2.7,0.02
Apr-34,-1.79,2.73,-3.73,0.01
May-34,-7.25,-0.29,-5.89,0.01
Jun-34,2.64,-2.23,-2.96,0.01
Jul-34,-10.96,-6.95,-10.7,0.01
Aug-34,5.58,5.37,0.09,0.01
Sep-34,-0.23,-1.52,-1.2,0.01
Oct-34,-1.66,1.24,-5.08,0.01
Nov-34,8.33,6.48,-2.15,0.01
Dec-34,0.36,3.06,-3.14,0.01
Jan-35,-3.45,1.07,-1.9,0.01
Feb-35,-1.94,0.37,-7.44,0.02
Mar-35,-3.68,-3.59,-5.12,0.01
Apr-35,9.06,-1.47,4.47,0.01
May-35,3.47,-3.34,2.65,0.01
Jun-35,5.93,-2.57,-1.69,0.01
Jul-35,7.51,1.88,6.93,0.01
Aug-35,2.65,6.2,6.08,0.01
Sep-35,2.63,1.53,-4.07,0.01
Oct-35,7.03,2.72,-2.37,0.01
Nov-35,4.88,4.54,12.06,0.02
Dec-35,4.56,0.17,0.95,0.01
Jan-36,6.89,5.23,10.34,0.01
Feb-36,2.49,0.95,4.51,0.01
Mar-36,0.99,0.69,-1.44,0.02
Apr-36,-8.14,-6.06,-2.15,0.02
May-36,5.19,0.91,2.61,0.02
Jun-36,2.4,-3.2,-1.2,0.03
Jul-36,6.67,1,2.4,0.01
Aug-36,0.99,0.6,3.82,0.02
Sep-36,0.98,3.08,0.9,0.01
Oct-36,7.12,-2.43,2.47,0.02
Nov-36,3.27,8.77,-1.21,0.01
Dec-36,0.21,3.96,4.3,0
Jan-37,3.35,4.34,2.61,0.01
Feb-37,1.09,1.05,4.83,0.02
Mar-37,-0.27,-1.69,6.5,0.01
Apr-37,-7.36,-3.83,-3.66,0.03
May-37,-0.83,-0.68,-3.48,0.06
Jun-37,-4.21,-3.76,-3.33,0.03
Jul-37,8.91,0.89,0.81,0.03
Aug-37,-4.86,0.44,-2.25,0.02
Sep-37,-13.61,-6.98,-4.57,0.04
Oct-37,-9.61,0.41,-1.55,0.02
Nov-37,-8.31,-3.6,0.15,0.02
Dec-37,-4.24,-7.74,-0.4,0
Jan-38,0.49,4.84,-1.61,0
Feb-38,5.84,0.4,-2.02,0
Mar-38,-23.82,-4.34,-3.54,-0.01
Apr-38,14.51,6.46,0.23,0.01
May-38,-3.83,-2.51,-0.27,0
Jun-38,23.87,4.3,0.32,0
Jul-38,7.34,6.64,2.2,-0.01
Aug-38,-2.67,-2.45,-4.72,0
Sep-38,0.81,-2.73,-1.62,0.02
Oct-38,7.8,5.81,5.03,0.01
Nov-38,-1.72,-2.57,-1.22,-0.06
Dec-38,4.19,-1.82,0.53,0
Jan-39,-5.96,-1.55,-3.94,-0.01
Feb-39,3.51,0.63,2.95,0.01
Mar-39,-11.99,-4.75,-8.31,-0.01
Apr-39,-0.18,1.67,-0.3,0
May-39,6.8,2.8,0.49,0.01
Jun-39,-5.31,-1.01,-5.42,0.01
Jul-39,10.24,4.32,-0.03,0
Aug-39,-6.68,-4.61,-2.42,-0.01
Sep-39,16.88,20.24,22.22,0.01
Oct-39,-0.53,-0.01,-4.89,0
Nov-39,-3.62,-5.07,-6.46,0
Dec-39,3.03,0.79,-4.06,0
Jan-40,-2.41,0.21,-0.81,0
Feb-40,1.44,2.51,-0.33,0
Mar-40,2.05,1.25,-1.27,0
Apr-40,0.22,3.92,-0.13,0
May-40,-21.95,-6.66,-3.69,-0.02
Jun-40,6.67,-2.13,4.62,0
Jul-40,3.16,1.01,-0.74,0.01
Aug-40,2.19,-0.11,0.56,-0.01
Sep-40,2.39,3.22,-1.13,0
Oct-40,3.02,0.28,4.64,0
Nov-40,-1.61,1.94,0.12,0
Dec-40,0.69,-2.15,-0.89,0
Jan-41,-4.17,1,3.83,-0.01
Feb-41,-1.43,-1.56,0.89,-0.01
Mar-41,0.84,0.1,3.04,0.01
Apr-41,-5.46,-1.68,3.41,-0.01
May-41,1.39,-0.65,0.6,0
Jun-41,5.83,1.32,0.59,0
Jul-41,5.87,5.71,7.25,0.03
Aug-41,-0.17,-0.42,-1.1,0.01
Sep-41,-0.87,-0.99,-0.28,0.01
Oct-41,-5.25,-2.02,1.63,0
Nov-41,-1.92,-1.21,-0.64,0
Dec-41,-4.87,-2.99,-5.94,0.01
Jan-42,0.79,7.53,10.1,0.02
Feb-42,-2.46,1.72,-1.13,0.01
Mar-42,-6.58,1.77,-0.62,0.01
Apr-42,-4.37,-0.6,2.09,0.01
May-42,5.94,-3.05,-2.65,0.03
Jun-42,2.69,-1.22,0.54,0.02
Jul-42,3.51,-0.15,2.4,0.03
Aug-42,1.8,-0.09,1.35,0.03
Sep-42,2.61,0.63,2.35,0.03
Oct-42,6.82,1.75,6.39,0.03
Nov-42,0.15,-1.5,-4.21,0.03
Dec-42,5.12,-2.51,0.58,0.03
Jan-43,7.13,8.8,8.18,0.03
Feb-43,6.15,4.75,6.4,0.03
Mar-43,6.01,4.99,5.48,0.03
Apr-43,0.81,2.05,5.82,0.03
May-43,5.74,4.35,3.25,0.03
Jun-43,1.82,-1.02,-0.7,0.03
Jul-43,-4.77,-2.39,-2.29,0.03
Aug-43,1.3,-0.6,-0.43,0.03
Sep-43,2.4,1.29,1.43,0.03
Oct-43,-1.15,0.58,1.64,0.03
Nov-43,-5.91,-1.65,-4.02,0.03
Dec-43,6.36,3.34,3.24,0.03
Jan-44,1.74,2.55,2.16,0.03
Feb-44,0.37,-0.1,0.84,0.03
Mar-44,2.46,1.73,3.43,0.02
Apr-44,-1.69,-1.37,-1.14,0.03
May-44,5.07,1.68,1.04,0.03
Jun-44,5.49,4.01,1.75,0.03
Jul-44,-1.49,0.58,-0.42,0.03
Aug-44,1.57,2.33,-1.49,0.03
Sep-44,0.01,0.49,-1.16,0.02
Oct-44,0.16,-0.15,-0.33,0.03
Nov-44,1.71,0.36,2.38,0.03
Dec-44,4.03,2.25,5.91,0.02
Jan-45,2.01,2.46,0.67,0.03
Feb-45,6.23,1.55,4.34,0.02
Mar-45,-3.89,-1.6,-1.74,0.02
Apr-45,7.8,0.32,3.24,0.03
May-45,1.73,1.52,0.36,0.03
Jun-45,0.39,3.12,4.21,0.02
Jul-45,-2.17,-1.52,-2.62,0.03
Aug-45,6.2,1.5,-4.27,0.03
Sep-45,4.77,1.7,0.42,0.03
Oct-45,3.89,2.38,2.13,0.03
Nov-45,5.39,4.31,3.96,0.02
Dec-45,1.2,2.1,-2.28,0.03
Jan-46,6.24,3.91,2.48,0.03
Feb-46,-5.83,-0.71,-1.46,0.03
Mar-46,5.87,0.29,-0.54,0.03
Apr-46,4.23,2.35,0.32,0.03
May-46,3.93,1.46,1.28,0.03
Jun-46,-3.89,-1.58,-0.39,0.03
Jul-46,-2.69,-2.07,0.07,0.03
Aug-46,-6.44,-1.84,0.55,0.03
Sep-46,-10.17,-4.4,-1.92,0.03
Oct-46,-1.44,0.1,3.46,0.03
Nov-46,-0.01,-0.44,1.47,0.03
Dec-46,4.96,0.08,-1.36,0.03
Jan-47,1.25,2.2,-0.73,0.03
Feb-47,-1.08,0.68,0.15,0.03
Mar-47,-1.67,-1.62,0.61,0.03
Apr-47,-4.8,-3.96,0.85,0.03
May-47,-0.97,-3.26,0.33,0.03
Jun-47,5.29,-0.3,-0.59,0.03
Jul-47,4.14,1.43,2.82,0.03
Aug-47,-1.74,0.32,0.18,0.03
Sep-47,-0.54,1.64,1.36,0.06
Oct-47,2.47,0.51,0.07,0.06
Nov-47,-1.97,-1.71,1.1,0.06
Dec-47,3,-2.46,3.71,0.08
Jan-48,-3.93,2.5,1.39,0.07
Feb-48,-4.38,-1.72,0.07,0.07
Mar-48,8.07,0.14,4.5,0.09
Apr-48,3.65,-1.65,4.11,0.08
May-48,7.3,0.91,-1.27,0.08
Jun-48,-0.1,-1.82,2.81,0.09
Jul-48,-5.09,-0.33,0.14,0.08
Aug-48,0.25,-1.11,0.28,0.09
Sep-48,-2.97,-1.23,-1.71,0.04
Oct-48,5.96,-1.5,0.58,0.04
Nov-48,-9.3,-0.6,-4.13,0.04
Dec-48,3.26,-2.82,-1.94,0.04
Jan-49,0.23,1.77,1.23,0.1
Feb-49,-2.93,-1.9,-0.86,0.09
Mar-49,4.04,2.5,1.29,0.1
Apr-49,-1.87,-0.89,-1.13,0.09
May-49,-2.94,-0.79,-2.37,0.1
Jun-49,0.1,-0.91,-1.65,0.1
Jul-49,5.54,0.55,0.37,0.09
Aug-49,2.6,0.2,-0.55,0.09
Sep-49,3.09,1,0.19,0.09
Oct-49,3.14,1.04,-0.48,0.09
Nov-49,1.82,-1.02,-0.96,0.08
Dec-49,5.13,2.06,1.77,0.09
Jan-50,1.7,3.33,0.12,0.09
Feb-50,1.48,0.03,-0.79,0.09
Mar-50,1.26,-1.44,-2.81,0.1
Apr-50,3.94,1.94,1.3,0.09
May-50,4.31,-2.1,0.46,0.1
Jun-50,-5.94,-2.34,-0.7,0.1
Jul-50,1.36,0.69,13.56,0.1
Aug-50,4.85,0.76,-1.5,0.1
Sep-50,4.81,0.49,-1.07,0.1
Oct-50,-0.18,-0.47,1.3,0.12
Nov-50,2.76,-0.89,3.33,0.11
Dec-50,5.54,1.47,7.36,0.11
Jan-51,5.7,1.76,3.64,0.13
Feb-51,1.41,0.08,-2.85,0.1
Mar-51,-2.15,-0.77,-4.1,0.11
Apr-51,4.86,-1.45,3.27,0.13
May-51,-2.34,0,-1.37,0.12
Jun-51,-2.62,-2.06,-3.75,0.12
Jul-51,6.94,-1.99,2.06,0.13
Aug-51,4.27,0.99,-0.13,0.13
Sep-51,0.7,1.87,0.63,0.12
Oct-51,-2.53,-0.22,0.23,0.16
Nov-51,0.57,-0.32,-0.06,0.11
Dec-51,3.33,-2.26,-1.59,0.12
Jan-52,1.45,-0.61,1.55,0.15
Feb-52,-2.62,0.82,-0.61,0.12
Mar-52,4.44,-2.99,2.17,0.11
Apr-52,-4.97,0.46,-0.1,0.12
May-52,3.2,-1,0.04,0.13
Jun-52,3.83,-1.64,1.24,0.15
Jul-52,0.91,-0.4,-0.35,0.15
Aug-52,-0.76,1.15,0.01,0.15
Sep-52,-2.03,1.11,-1.52,0.16
Oct-52,-0.66,-1.05,-0.46,0.14
Nov-52,5.94,-0.72,0.97,0.1
Dec-52,2.93,-1.48,0.19,0.16
Jan-53,-0.34,3.61,1.32,0.16
Feb-53,-0.27,2.15,-0.09,0.14
Mar-53,-1.43,-0.22,-0.85,0.18
Apr-53,-2.83,0.3,1.57,0.16
May-53,0.52,-0.07,0.23,0.17
Jun-53,-1.89,-1.87,-0.47,0.18
Jul-53,2.4,-1,-0.22,0.15
Aug-53,-4.52,0.29,-3.53,0.17
Sep-53,0.2,-0.84,-2.44,0.16
Oct-53,4.6,-1.35,-0.25,0.13
Nov-53,2.83,-1.3,-0.15,0.08
Dec-53,0.03,-0.85,-2.84,0.13
Jan-54,5.13,0.48,3.44,0.11
Feb-54,1.67,-0.19,-0.29,0.07
Mar-54,3.65,-0.54,-1.5,0.08
Apr-54,4.27,-3.44,-0.34,0.09
May-54,3.09,0.41,2.45,0.05
Jun-54,1.07,0.38,0.01,0.06
Jul-54,4.99,1.06,4.13,0.05
Aug-54,-2.34,2.69,-1.38,0.05
Sep-54,6.39,-2.53,0.68,0.09
Oct-54,-1.67,0.62,0.67,0.07
Nov-54,9.38,-2.62,4.4,0.06
Dec-54,5.48,2.12,5.66,0.08
Jan-55,0.6,0.36,2.14,0.08
Feb-55,3.02,1.59,0.58,0.09
Mar-55,-0.16,-0.74,1.97,0.1
Apr-55,3.11,-1.62,0.68,0.1
May-55,0.93,-0.28,-0.96,0.14
Jun-55,6.55,-4.65,1.84,0.1
Jul-55,1.9,-1.17,0.35,0.1
Aug-55,0.21,-0.44,0.72,0.16
Sep-55,-0.36,0.35,-0.99,0.16
Oct-55,-2.68,1.48,-0.15,0.18
Nov-55,7.03,-2.22,0.33,0.17
Dec-55,1.49,2.16,-2.3,0.18
Jan-56,-3.03,0.37,0.95,0.22
Feb-56,3.77,-0.98,-0.43,0.19
Mar-56,6.64,-2.09,-0.46,0.15
Apr-56,0.28,0.01,-0.24,0.19
May-56,-5.2,1.45,-1.31,0.23
Jun-56,3.48,-1.48,-1.13,0.2
Jul-56,4.84,-1.66,-0.04,0.22
Aug-56,-3.18,1.89,-0.74,0.17
Sep-56,-5.14,1.57,1.76,0.18
Oct-56,0.52,-0.1,-0.06,0.25
Nov-56,0.36,-0.21,1.78,0.2
Dec-56,3.16,-0.01,-2.15,0.24
Jan-57,-3.58,3.37,2.81,0.27
Feb-57,-2.06,-0.72,-0.72,0.24
Mar-57,2.13,0.26,-0.48,0.23
Apr-57,4.26,-1.59,-1.45,0.25
May-57,3.45,-1.05,-2.1,0.26
Jun-57,-0.74,0.54,0.01,0.24
Jul-57,0.66,-0.76,0.43,0.3
Aug-57,-5.11,0.05,-0.41,0.25
Sep-57,-5.98,0.08,0.92,0.26
Oct-57,-4.32,-2.52,-1.8,0.29
Nov-57,2.3,0.4,-2.87,0.28
Dec-57,-3.91,-0.98,-1.62,0.24
Jan-58,4.66,4.39,4.19,0.28
Feb-58,-1.52,0.65,0.33,0.12
Mar-58,3.27,0.65,-0.97,0.09
Apr-58,3.09,-0.62,1.61,0.08
May-58,2.31,2.16,-0.26,0.11
Jun-58,2.93,-0.19,0.4,0.03
Jul-58,4.39,0.47,3.06,0.07
Aug-58,1.91,1.18,0.36,0.04
Sep-58,4.66,0.12,2.85,0.19
Oct-58,2.53,1.09,-1.18,0.18
Nov-58,3.01,1.97,-1.18,0.11
Dec-58,5.15,-2.03,0.03,0.22
Jan-59,0.71,3.02,2.91,0.21
Feb-59,0.95,1.46,1.16,0.19
Mar-59,0.28,1.49,-0.34,0.22
Apr-59,3.66,-0.6,-1.23,0.2
May-59,1.73,-2.16,1.79,0.22
Jun-59,-0.25,0.67,1.31,0.25
Jul-59,3.17,-0.3,0.23,0.25
Aug-59,-1.39,-0.76,0.44,0.19
Sep-59,-4.8,-0.09,0.55,0.31
Oct-59,1.28,1.44,-2.1,0.3
Nov-59,1.6,1.23,-3.21,0.26
Dec-59,2.45,-0.58,-0.07,0.34
Jan-60,-6.98,2.09,2.78,0.33
Feb-60,1.17,0.51,-1.93,0.29
Mar-60,-1.63,-0.49,-2.94,0.35
Apr-60,-1.71,0.32,-2.28,0.19
May-60,3.12,1.21,-3.7,0.27
Jun-60,2.08,-0.21,-0.34,0.24
Jul-60,-2.37,-0.51,1.98,0.13
Aug-60,3.01,0.87,-0.18,0.17
Sep-60,-5.99,-1.11,1.62,0.16
Oct-60,-0.71,-4.08,2.83,0.22
Nov-60,4.69,0.4,-2.43,0.13
Dec-60,4.71,-1.55,-0.81,0.16
Jan-61,6.2,0.64,3.72,0.19
Feb-61,3.57,3.93,-0.66,0.14
Mar-61,2.89,3.3,-0.73,0.2
Apr-61,0.29,0.07,2.12,0.17
May-61,2.4,2.01,0.37,0.18
Jun-61,-3.08,-2.49,-0.14,0.2
Jul-61,2.83,-1.9,-0.09,0.18
Aug-61,2.57,-1.75,-0.28,0.14
Sep-61,-2.15,-1.07,-0.61,0.17
Oct-61,2.57,-1.65,0.15,0.19
Nov-61,4.45,1.26,-1.23,0.15
Dec-61,-0.18,-0.85,1.79,0.19
Jan-62,-3.87,1.77,5.13,0.24
Feb-62,1.81,-1.15,0.82,0.2
Mar-62,-0.68,0.52,-1.38,0.2
Apr-62,-6.59,-0.7,0.03,0.22
May-62,-8.65,-3.34,2.77,0.24
Jun-62,-8.47,-0.59,2.55,0.2
Jul-62,6.28,1.52,-3.41,0.27
Aug-62,2.13,1.22,-1.2,0.23
Sep-62,-5.22,-2.42,1.28,0.21
Oct-62,-0.05,-3.97,1.3,0.25
Nov-62,10.87,2.61,0.95,0.2
Dec-62,1.01,-3.8,0.36,0.23
Jan-63,4.93,3.08,2.21,0.25
Feb-63,-2.38,0.48,2.18,0.23
Mar-63,3.08,-2.59,2.06,0.23
Apr-63,4.51,-1.34,1,0.25
May-63,1.76,1.13,2.54,0.24
Jun-63,-2,-0.27,0.75,0.23
Jul-63,-0.39,-0.45,-0.97,0.27
Aug-63,5.07,-0.98,1.8,0.25
Sep-63,-1.57,-0.33,0.13,0.27
Oct-63,2.53,-0.58,-0.1,0.29
Nov-63,-0.85,-1.17,1.75,0.27
Dec-63,1.83,-2.16,-0.02,0.29
Jan-64,2.24,-0.11,1.48,0.3
Feb-64,1.54,0.11,2.81,0.26
Mar-64,1.41,0.87,3.4,0.31
Apr-64,0.1,-1.35,-0.67,0.29
May-64,1.42,-0.86,1.86,0.26
Jun-64,1.27,-0.12,0.62,0.3
Jul-64,1.74,0.24,0.75,0.3
Aug-64,-1.44,0.16,0.08,0.28
Sep-64,2.69,-0.54,1.7,0.28
Oct-64,0.59,0.42,1.17,0.29
Nov-64,0,0.69,-1.96,0.29
Dec-64,0.03,-0.35,-2.48,0.31
Jan-65,3.54,2.7,0.12,0.28
Feb-65,0.44,3.55,0.11,0.3
Mar-65,-1.34,1.89,1.03,0.36
Apr-65,3.11,1.1,0.66,0.31
May-65,-0.77,0.11,-1.61,0.31
Jun-65,-5.51,-4.34,0.59,0.35
Jul-65,1.43,0.89,2.2,0.31
Aug-65,2.73,2.84,-1,0.33
Sep-65,2.86,0.64,-0.13,0.31
Oct-65,2.6,2.52,1.56,0.31
Nov-65,-0.03,4.68,0.15,0.35
Dec-65,1.01,2.06,2.03,0.33
Jan-66,0.72,3.84,3.56,0.38
Feb-66,-1.21,4.4,0.33,0.35
Mar-66,-2.51,0.99,-1.98,0.38
Apr-66,2.14,3.43,-0.46,0.34
May-66,-5.66,-4.6,-1.63,0.41
Jun-66,-1.44,1.03,0.5,0.38
Jul-66,-1.63,-0.36,0.95,0.35
Aug-66,-7.91,-3.27,0.43,0.41
Sep-66,-1.06,-1.04,0.56,0.4
Oct-66,3.86,-6.52,2.69,0.45
Nov-66,1.4,4.24,-4.69,0.4
Dec-66,0.13,1.97,-1.19,0.4
Jan-67,8.15,8.32,2.27,0.43
Feb-67,0.78,3.35,-2.22,0.36
Mar-67,3.99,1.55,0.37,0.39
Apr-67,3.89,0.63,-2.48,0.32
May-67,-4.33,1.9,1.09,0.33
Jun-67,2.41,5.93,0.85,0.27
Jul-67,4.58,3.12,2.73,0.31
Aug-67,-0.89,0.42,1.44,0.31
Sep-67,3.11,3.06,-2.5,0.32
Oct-67,-3.09,1.46,-3.3,0.39
Nov-67,0.37,0.21,-1.7,0.36
Dec-67,3.05,5.73,-0.53,0.33
Jan-68,-4.06,3.92,4.8,0.4
Feb-68,-3.75,-2.94,1.28,0.39
Mar-68,0.2,-1.34,-0.59,0.38
Apr-68,9.05,5.68,-1.13,0.43
May-68,2.28,6.4,0.85,0.45
Jun-68,0.69,-0.19,0.73,0.43
Jul-68,-2.72,-1.36,5.39,0.48
Aug-68,1.34,2.34,1.01,0.42
Sep-68,4.03,2.8,0.3,0.43
Oct-68,0.42,-0.48,2.86,0.44
Nov-68,5.43,2.34,-0.92,0.42
Dec-68,-3.94,3.37,-0.01,0.43
Jan-69,-1.25,-0.74,1.67,0.53
Feb-69,-5.84,-3.92,0.91,0.46
Mar-69,2.64,-0.3,-0.51,0.46
Apr-69,1.46,-0.86,-0.03,0.53
May-69,-0.1,-0.21,0.7,0.48
Jun-69,-7.18,-5.37,-1.08,0.51
Jul-69,-7,-3.24,1.2,0.53
Aug-69,4.68,0.93,-3.79,0.5
Sep-69,-2.98,1.18,-3.27,0.62
Oct-69,5.06,3.91,-3.16,0.6
Nov-69,-3.79,-2.58,-1.19,0.52
Dec-69,-2.63,-3.71,-2.86,0.64
Jan-70,-8.1,2.93,3.13,0.6
Feb-70,5.13,-2.58,3.93,0.62
Mar-70,-1.06,-2.32,3.99,0.57
Apr-70,-11,-6.15,6.18,0.5
May-70,-6.92,-4.59,3.33,0.53
Jun-70,-5.79,-2.13,0.6,0.58
Jul-70,6.93,-0.5,0.9,0.52
Aug-70,4.49,1.52,1.15,0.53
Sep-70,4.18,8.59,-5.47,0.54
Oct-70,-2.28,-4.21,0.22,0.46
Nov-70,4.6,-3.94,1.69,0.46
Dec-70,5.72,2.92,1,0.42
Jan-71,4.84,7.36,1.33,0.38
Feb-71,1.41,1.86,-1.23,0.33
Mar-71,4.13,2.62,-3.95,0.3
Apr-71,3.15,-0.49,0.69,0.28
May-71,-3.98,-1.04,-1.44,0.29
Jun-71,-0.1,-1.47,-1.87,0.37
Jul-71,-4.5,-1.48,0.02,0.4
Aug-71,3.79,-0.17,2.63,0.47
Sep-71,-0.85,0.51,-2.91,0.37
Oct-71,-4.42,-1.76,-0.48,0.37
Nov-71,-0.46,-2.77,-1.68,0.37
Dec-71,8.71,3.29,-0.4,0.37
Jan-72,2.49,5.85,2.24,0.29
Feb-72,2.87,1.3,-2.79,0.25
Mar-72,0.63,-0.24,-1.61,0.27
Apr-72,0.29,0.11,0.12,0.29
May-72,1.25,-2.69,-2.7,0.3
Jun-72,-2.43,0.27,-2.48,0.29
Jul-72,-0.8,-2.87,0.66,0.31
Aug-72,3.26,-4.03,4.54,0.29
Sep-72,-1.14,-2.65,0.46,0.34
Oct-72,0.52,-2.73,1.34,0.4
Nov-72,4.6,-1.2,4.85,0.37
Dec-72,0.62,-1.95,-2.19,0.37
Jan-73,-3.29,-3.49,2.68,0.44
Feb-73,-4.85,-3.87,1.6,0.41
Mar-73,-1.3,-2.82,2.62,0.46
Apr-73,-5.68,-3.85,5.41,0.52
May-73,-2.94,-6.3,0.41,0.51
Jun-73,-1.57,-2.86,1.2,0.51
Jul-73,5.05,7.97,-5.31,0.64
Aug-73,-3.82,-2.13,1.24,0.7
Sep-73,4.75,3.04,2.01,0.68
Oct-73,-0.83,-0.45,1.94,0.65
Nov-73,-12.75,-7.67,3.87,0.56
Dec-73,0.61,-5.35,3.85,0.64
Jan-74,-0.17,9.68,6.02,0.63
Feb-74,-0.47,-0.18,2.81,0.58
Mar-74,-2.81,2.6,-0.32,0.56
Apr-74,-5.29,-0.74,0.85,0.75
May-74,-4.68,-2.96,-2.02,0.75
Jun-74,-2.83,-0.17,0.77,0.6
Jul-74,-8.05,0.84,5.16,0.7
Aug-74,-9.35,-0.73,2.64,0.6
Sep-74,-11.77,0.27,5.58,0.81
Oct-74,16.1,-3.46,-9.87,0.51
Nov-74,-4.51,-1.21,-0.2,0.54
Dec-74,-3.45,-4.83,0.11,0.7
Jan-75,13.66,11.14,8.28,0.58
Feb-75,5.56,0.16,-4.44,0.43
Mar-75,2.66,3.78,2.38,0.41
Apr-75,4.23,-0.65,-1.14,0.44
May-75,5.19,3.83,-4.1,0.44
Jun-75,4.83,0.87,1.38,0.41
Jul-75,-6.59,2.7,1.69,0.48
Aug-75,-2.85,-3.25,-0.95,0.48
Sep-75,-4.26,-0.1,0.39,0.53
Oct-75,5.31,-4.03,0.28,0.56
Nov-75,2.64,-1.2,2.03,0.41
Dec-75,-1.6,-0.78,1.69,0.48
Jan-76,12.16,4.81,8.63,0.47
Feb-76,0.32,7.06,5.87,0.34
Mar-76,2.32,-1.16,-0.12,0.4
Apr-76,-1.49,-0.11,-0.16,0.42
May-76,-1.34,-1.23,-1.36,0.37
Jun-76,4.05,-1.32,0.71,0.43
Jul-76,-1.07,0.29,1.73,0.47
Aug-76,-0.56,-2,0.81,0.42
Sep-76,2.07,-0.02,-0.29,0.44
Oct-76,-2.42,0.22,-0.18,0.41
Nov-76,0.36,2.32,1.51,0.4
Dec-76,5.65,3.03,2.27,0.4
Jan-77,-4.05,4.76,4.27,0.36
Feb-77,-1.94,1.04,0.47,0.35
Mar-77,-1.37,1,1.09,0.38
Apr-77,0.15,-0.12,3.38,0.38
May-77,-1.45,1.18,0.85,0.37
Jun-77,4.71,2.09,-0.74,0.4
Jul-77,-1.69,2.16,-0.56,0.42
Aug-77,-1.75,1.48,-2.7,0.44
Sep-77,-0.27,1.34,-0.52,0.43
Oct-77,-4.38,1.25,1.75,0.49
Nov-77,4,3.73,0.26,0.5
Dec-77,0.27,1.32,-0.29,0.49
Jan-78,-6.01,2.24,3.36,0.49
Feb-78,-1.38,3.59,0.83,0.46
Mar-78,2.85,3.49,1.18,0.53
Apr-78,7.88,0.45,-3.54,0.54
May-78,1.76,4.56,-0.52,0.51
Jun-78,-1.69,1.66,0.57,0.54
Jul-78,5.11,0.23,-1.15,0.56
Aug-78,3.75,5.06,-0.51,0.56
Sep-78,-1.43,-0.43,1.89,0.62
Oct-78,-11.91,-9.86,1.38,0.68
Nov-78,2.71,2.97,-2.15,0.7
Dec-78,0.88,1.29,-2.13,0.78
Jan-79,4.23,3.62,2.19,0.77
Feb-79,-3.56,0.45,1.17,0.73
Mar-79,5.68,3.26,-0.71,0.81
Apr-79,-0.06,2.15,1.12,0.8
May-79,-2.21,0.21,1.31,0.82
Jun-79,3.85,1.17,1.44,0.81
Jul-79,0.82,1.28,1.86,0.77
Aug-79,5.53,2.05,-1.58,0.77
Sep-79,-0.82,-0.27,-0.9,0.83
Oct-79,-8.1,-3.37,-1.84,0.87
Nov-79,5.21,2.87,-3.29,0.99
Dec-79,1.79,4.17,-2.1,0.95
Jan-80,5.51,1.62,1.75,0.8
Feb-80,-1.22,-1.85,0.61,0.89
Mar-80,-12.9,-6.64,-1.01,1.21
Apr-80,3.97,1.05,1.06,1.26
May-80,5.26,2.13,0.38,0.81
Jun-80,3.06,1.66,-0.76,0.61
Jul-80,6.49,4.14,-6.41,0.53
Aug-80,1.8,3.92,-2.6,0.64
Sep-80,2.19,0.98,-4.59,0.75
Oct-80,1.06,2.47,-2.76,0.95
Nov-80,9.59,-3.36,-8.33,0.96
Dec-80,-4.52,-0.26,2.79,1.31
Jan-81,-5.04,2.92,6.72,1.04
Feb-81,0.57,-0.34,1.02,1.07
Mar-81,3.56,3.54,0.64,1.21
Apr-81,-2.11,4.4,2.28,1.08
May-81,0.11,2,-0.42,1.15
Jun-81,-2.36,-0.83,5.13,1.35
Jul-81,-1.54,-2.19,-0.5,1.24
Aug-81,-7.04,-1.95,4.76,1.28
Sep-81,-7.17,-2.65,5.17,1.24
Oct-81,4.92,2.23,-4.21,1.21
Nov-81,3.36,-1.03,1.83,1.07
Dec-81,-3.65,1.2,0.81,0.87
Jan-82,-3.24,-1.28,3.19,0.8
Feb-82,-5.86,0.44,6.05,0.92
Mar-82,-1.87,-0.21,3.81,0.98
Apr-82,3.27,1.47,-2.7,1.13
May-82,-3.99,0.52,1.75,1.06
Jun-82,-3.09,-0.4,1.53,0.96
Jul-82,-3.19,0.83,0.09,1.05
Aug-82,11.14,-4.14,0.95,0.76
Sep-82,1.29,2.95,0.28,0.51
Oct-82,11.3,2.34,-3.66,0.59
Nov-82,4.67,4.67,-1.87,0.63
Dec-82,0.55,-0.22,-0.02,0.67
Jan-83,3.6,2.73,-0.75,0.69
Feb-83,2.59,3.27,0.7,0.62
Mar-83,2.82,1.73,2.02,0.63
Apr-83,6.67,0.5,0.49,0.71
May-83,0.52,6.24,-1.4,0.69
Jun-83,3.07,0.95,-3.9,0.67
Jul-83,-4.07,1.5,5.62,0.74
Aug-83,-0.5,-4.28,5.54,0.76
Sep-83,0.91,0.61,1.01,0.76
Oct-83,-3.44,-3.57,4.97,0.76
Nov-83,2.16,2.01,-0.72,0.7
Dec-83,-1.78,-0.27,1.73,0.73
Jan-84,-1.92,-0.38,7.58,0.76
Feb-84,-4.82,-1.69,3.33,0.71
Mar-84,0.63,0.07,0.46,0.73
Apr-84,-0.51,-1.16,1.2,0.81
May-84,-5.97,0.06,0.31,0.78
Jun-84,1.82,-0.3,-2.66,0.75
Jul-84,-2.74,-2.21,0.36,0.82
Aug-84,10.28,-0.24,-1.82,0.83
Sep-84,-0.8,0.17,5.28,0.86
Oct-84,-0.84,-1.23,0.45,1
Nov-84,-1.76,-0.65,4.06,0.73
Dec-84,1.84,-0.56,-0.26,0.64
Jan-85,7.99,3.31,-5.35,0.65
Feb-85,1.22,0.79,-0.1,0.58
Mar-85,-0.84,-1.08,4.07,0.62
Apr-85,-0.96,0.14,3.72,0.72
May-85,5.09,-2.22,-0.96,0.66
Jun-85,1.27,0.52,0.38,0.55
Jul-85,-0.74,2.84,-1.62,0.62
Aug-85,-1.02,-0.3,2.32,0.55
Sep-85,-4.54,-1.59,1.29,0.6
Oct-85,4.02,-1.51,0.75,0.65
Nov-85,6.48,0.25,-2.85,0.61
Dec-85,3.88,-0.51,-1.54,0.65
Jan-86,0.65,1.21,0.44,0.56
Feb-86,7.13,-0.54,-0.72,0.53
Mar-86,4.88,-0.59,-0.39,0.6
Apr-86,-1.31,2.78,-2.87,0.52
May-86,4.62,-1.35,-0.21,0.49
Jun-86,1.03,-0.96,1.28,0.52
Jul-86,-6.45,-3.36,4.7,0.52
Aug-86,6.07,-4.17,3.51,0.46
Sep-86,-8.6,2.36,3.22,0.45
Oct-86,4.66,-2.5,-1.42,0.46
Nov-86,1.17,-1.91,-0.07,0.39
Dec-86,-3.27,0.13,0.36,0.49
Jan-87,12.47,-1.81,-3.16,0.42
Feb-87,4.39,3.49,-5.91,0.43
Mar-87,1.64,0.45,1.61,0.47
Apr-87,-2.11,-1.69,-0.39,0.44
May-87,0.11,-0.5,0.23,0.38
Jun-87,3.94,-2.12,1.04,0.48
Jul-87,3.85,-0.69,0.68,0.46
Aug-87,3.52,-0.77,-0.93,0.47
Sep-87,-2.59,0.54,0.27,0.45
Oct-87,-23.24,-8.43,4.24,0.6
Nov-87,-7.77,2.72,2.95,0.35
Dec-87,6.81,0.13,-4.43,0.39
Jan-88,4.21,-0.72,5.01,0.29
Feb-88,4.75,3.34,-1.71,0.46
Mar-88,-2.27,6.15,0.73,0.44
Apr-88,0.56,1,1.67,0.46
May-88,-0.29,-2.6,2.42,0.51
Jun-88,4.79,2.11,-1.24,0.49
Jul-88,-1.25,-0.25,2.22,0.51
Aug-88,-3.31,0.04,2.15,0.59
Sep-88,3.3,-1.31,-0.75,0.62
Oct-88,1.15,-2.93,2.05,0.61
Nov-88,-2.29,-1.72,1.41,0.57
Dec-88,1.49,1.95,-1.69,0.63
Jan-89,6.1,-2.23,0.6,0.55
Feb-89,-2.25,2.82,1.01,0.61
Mar-89,1.57,0.67,0.58,0.67
Apr-89,4.33,-0.68,-1.42,0.67
May-89,3.35,-0.05,-0.88,0.79
Jun-89,-1.35,-1.02,2.25,0.71
Jul-89,7.2,-4.14,-2.79,0.7
Aug-89,1.44,0.56,0.6,0.74
Sep-89,-0.76,0.32,-1.27,0.65
Oct-89,-3.67,-3.23,-1.11,0.68
Nov-89,1.03,-1.24,-1.09,0.69
Dec-89,1.16,-2.36,0.16,0.61
Jan-90,-7.85,-1.24,0.85,0.57
Feb-90,1.11,0.99,0.64,0.57
Mar-90,1.83,1.5,-2.92,0.64
Apr-90,-3.36,-0.46,-2.59,0.69
May-90,8.42,-2.53,-3.83,0.68
Jun-90,-1.09,1.4,-1.93,0.63
Jul-90,-1.9,-3.12,-0.03,0.68
Aug-90,-10.15,-3.57,1.64,0.66
Sep-90,-6.12,-3.65,0.64,0.6
Oct-90,-1.92,-5.57,0.1,0.68
Nov-90,6.35,0.43,-3.1,0.57
Dec-90,2.46,0.81,-1.7,0.6
Jan-91,4.69,3.81,-1.6,0.52
Feb-91,7.19,3.95,-0.58,0.48
Mar-91,2.65,3.93,-1.39,0.44
Apr-91,-0.28,0.48,1.5,0.53
May-91,3.65,-0.4,-0.52,0.47
Jun-91,-4.94,0.13,1.15,0.42
Jul-91,4.24,-0.92,-1.32,0.49
Aug-91,2.32,1.58,-0.78,0.46
Sep-91,-1.59,1.64,-1.08,0.46
Oct-91,1.29,0.81,-0.47,0.42
Nov-91,-4.19,-0.5,-1.89,0.39
Dec-91,10.84,-2.24,-4.17,0.38
Jan-92,-0.59,8.46,4.71,0.34
Feb-92,1.09,0.87,6.47,0.28
Mar-92,-2.66,-1.04,3.56,0.34
Apr-92,1.07,-6.06,4.34,0.32
May-92,0.3,0.41,1.19,0.28
Jun-92,-2.34,-3.07,3.24,0.32
Jul-92,3.77,-0.47,-0.56,0.31
Aug-92,-2.38,-0.13,-1.1,0.26
Sep-92,1.19,0.54,-0.26,0.26
Oct-92,1.02,2.09,-1.98,0.23
Nov-92,4.13,3.76,-1.35,0.23
Dec-92,1.53,1.69,2.62,0.28
Jan-93,0.93,1.89,5.94,0.23
Feb-93,0.12,-3.48,6.42,0.22
Mar-93,2.3,0.24,1.18,0.25
Apr-93,-3.05,-0.67,2.49,0.24
May-93,2.89,2.04,-3.42,0.22
Jun-93,0.31,-0.29,2.75,0.25
Jul-93,-0.34,0.96,2.85,0.24
Aug-93,3.71,0.13,0.13,0.25
Sep-93,-0.12,3.04,-0.31,0.26
Oct-93,1.41,2.03,-2.76,0.22
Nov-93,-1.89,-1.25,-0.74,0.25
Dec-93,1.65,1.23,0.32,0.23
Jan-94,2.87,0.34,1.15,0.25
Feb-94,-2.55,2.8,-1.54,0.21
Mar-94,-4.78,-1.08,1.6,0.27
Apr-94,0.68,-0.93,1.66,0.27
May-94,0.58,-2.15,0.67,0.31
Jun-94,-3.03,-0.41,1.67,0.31
Jul-94,2.82,-1.81,0.58,0.28
Aug-94,4.01,1.45,-2.51,0.37
Sep-94,-2.31,3.14,-1.89,0.37
Oct-94,1.34,-2.24,-1.62,0.38
Nov-94,-4.04,0.25,-0.7,0.37
Dec-94,0.86,0.22,-0.13,0.44
Jan-95,1.8,-3.5,2.57,0.42
Feb-95,3.63,-0.66,1.08,0.4
Mar-95,2.19,-0.16,-2.15,0.46
Apr-95,2.11,-0.49,1.71,0.44
May-95,2.9,-2.55,2.29,0.54
Jun-95,2.72,3.18,-2.54,0.47
Jul-95,3.72,2.07,-1.62,0.45
Aug-95,0.55,1.35,2.79,0.47
Sep-95,3.35,-2.2,-0.04,0.43
Oct-95,-1.52,-3.78,-0.5,0.47
Nov-95,3.96,-1.09,0.51,0.42
Dec-95,1.03,0.7,0.22,0.49
Jan-96,2.26,-2.73,0.38,0.43
Feb-96,1.33,1.79,-1.08,0.39
Mar-96,0.73,1.49,0.35,0.39
Apr-96,2.06,5.23,-4.02,0.46
May-96,2.36,3.17,-0.83,0.42
Jun-96,-1.14,-4.01,2.35,0.4
Jul-96,-5.97,-4.31,5.14,0.45
Aug-96,2.77,2.44,-0.74,0.41
Sep-96,5.01,-0.98,-2.72,0.44
Oct-96,0.86,-4.44,4.94,0.42
Nov-96,6.25,-4.02,1.39,0.41
Dec-96,-1.7,3.16,1.31,0.46
Jan-97,4.99,-1.95,-1.42,0.45
Feb-97,-0.49,-3.22,5.67,0.39
Mar-97,-5.03,-0.36,3.39,0.43
Apr-97,4.04,-5.77,0.07,0.43
May-97,6.74,5.19,-4.13,0.49
Jun-97,4.1,1.22,1.58,0.37
Jul-97,7.33,-2.74,0.26,0.43
Aug-97,-4.15,7.28,1.18,0.41
Sep-97,5.35,2.53,0.37,0.44
Oct-97,-3.8,-0.74,2.27,0.42
Nov-97,2.98,-5.11,1.19,0.39
Dec-97,1.32,-2.49,3.84,0.48
Jan-98,0.15,-1.06,-1.63,0.43
Feb-98,7.04,0.32,-0.85,0.39
Mar-98,4.76,-1.14,1.39,0.39
Apr-98,0.73,0.07,0.94,0.43
May-98,-3.07,-3.36,3.4,0.4
Jun-98,3.18,-3.2,-1.97,0.41
Jul-98,-2.46,-4.92,-1.78,0.4
Aug-98,-16.08,-5.7,3.53,0.43
Sep-98,6.15,0.1,-3.42,0.46
Oct-98,7.13,-3.12,-2.23,0.32
Nov-98,6.1,1.22,-3.25,0.31
Dec-98,6.16,-0.5,-4.19,0.38
Jan-99,3.5,0.76,-4.6,0.35
Feb-99,-4.08,-6.09,1.92,0.35
Mar-99,3.45,-3.79,-2.74,0.43
Apr-99,4.33,3.91,2.46,0.37
May-99,-2.46,3.34,2.35,0.34
Jun-99,4.77,3.09,-3.19,0.4
Jul-99,-3.49,2.6,-0.44,0.38
Aug-99,-1.38,-0.94,-1.87,0.39
Sep-99,-2.79,3.41,-3.5,0.39
Oct-99,6.12,-6.64,-3.37,0.39
Nov-99,3.37,7.2,-6.11,0.36
Dec-99,7.72,7.02,-8.32,0.44
Jan-00,-4.74,5.79,-1.91,0.41
Feb-00,2.45,21.42,-9.7,0.43
Mar-00,5.2,-17.23,8.17,0.47
Apr-00,-6.4,-6.68,7.26,0.46
May-00,-4.42,-6.09,4.81,0.5
Jun-00,4.64,12.85,-8.43,0.4
Jul-00,-2.51,-3.06,8.3,0.48
Aug-00,7.03,-0.62,-1.38,0.5
Sep-00,-5.45,-1.82,7.17,0.51
Oct-00,-2.76,-3.87,5.7,0.56
Nov-00,-10.72,-3.43,12.32,0.51
Dec-00,1.19,0.72,7.61,0.5
1-Jan,3.13,6.69,-5.09,0.54
1-Feb,-10.05,-0.79,12.48,0.38
1-Mar,-7.26,0.24,6.42,0.42
1-Apr,7.94,0.55,-4.68,0.39
1-May,0.72,2.49,3.38,0.32
1-Jun,-1.94,6.24,-1.13,0.28
1-Jul,-2.13,-4.19,5.21,0.3
1-Aug,-6.46,2.48,2.3,0.31
1-Sep,-9.25,-6.23,1.45,0.28
1-Oct,2.46,7.49,-7.66,0.22
1-Nov,7.54,-0.47,2.22,0.17
1-Dec,1.6,4.73,0.85,0.15
2-Jan,-1.44,1.19,3.44,0.14
2-Feb,-2.29,-1,2.16,0.13
2-Mar,4.24,4.21,1.06,0.13
2-Apr,-5.2,5.96,3.88,0.15
2-May,-1.38,-3.21,1.53,0.14
2-Jun,-7.21,4.29,-0.03,0.13
2-Jul,-8.18,-5.28,-3.85,0.15
2-Aug,0.5,-2.86,3.29,0.14
2-Sep,-10.35,2.4,1.47,0.14
2-Oct,7.84,-3.4,-3.94,0.14
2-Nov,5.96,3.19,-1.21,0.12
2-Dec,-5.76,0.09,2.14,0.11
3-Jan,-2.57,1.35,-0.81,0.1
3-Feb,-1.88,-0.45,-1.38,0.09
3-Mar,1.09,1.03,-1.91,0.1
3-Apr,8.22,0.66,1.17,0.1
3-May,6.05,4.74,0.5,0.09
3-Jun,1.42,1.77,0.15,0.1
3-Jul,2.35,5.05,-1.24,0.07
3-Aug,2.34,2.59,1.54,0.07
3-Sep,-1.24,0.8,0.15,0.08
3-Oct,6.08,2.69,1.97,0.07
3-Nov,1.35,2.07,1.78,0.07
3-Dec,4.29,-2.68,1.61,0.08
4-Jan,2.15,2.55,2.48,0.07
4-Feb,1.4,-1.58,0.91,0.06
4-Mar,-1.32,1.72,0.28,0.09
4-Apr,-1.83,-1.68,-3.09,0.08
4-May,1.17,-0.2,-0.24,0.06
4-Jun,1.86,2.26,1.19,0.08
4-Jul,-4.06,-3.81,3.23,0.1
4-Aug,0.08,-1.49,1,0.11
4-Sep,1.6,3.02,-0.01,0.11
4-Oct,1.43,0.15,-0.22,0.11
4-Nov,4.54,3.74,1.42,0.15
4-Dec,3.43,-0.03,-0.22,0.16
5-Jan,-2.76,-1.72,2.06,0.16
5-Feb,1.89,-0.57,1.53,0.16
5-Mar,-1.97,-1.4,2.04,0.21
5-Apr,-2.61,-3.93,0.06,0.21
5-May,3.65,2.89,-0.64,0.24
5-Jun,0.57,2.59,2.82,0.23
5-Jul,3.92,2.9,-0.78,0.24
5-Aug,-1.22,-0.98,1.32,0.3
5-Sep,0.49,-0.66,0.72,0.29
5-Oct,-2.02,-1.25,0.43,0.27
5-Nov,3.61,1,-1.18,0.31
5-Dec,-0.25,-0.42,0.2,0.32
6-Jan,3.04,5.39,1.08,0.35
6-Feb,-0.3,-0.38,-0.35,0.34
6-Mar,1.46,3.45,0.59,0.37
6-Apr,0.73,-1.42,2.34,0.36
6-May,-3.57,-2.96,2.42,0.43
6-Jun,-0.35,-0.39,0.85,0.4
6-Jul,-0.78,-3.98,2.62,0.4
6-Aug,2.03,1.03,-2.06,0.42
6-Sep,1.84,-1.36,0.08,0.41
6-Oct,3.23,1.75,-0.3,0.41
6-Nov,1.71,0.7,0.14,0.42
6-Dec,0.87,-1.15,2.73,0.4
7-Jan,1.4,0.13,-0.69,0.44
7-Feb,-1.96,1.18,-0.13,0.38
7-Mar,0.68,0.16,-0.96,0.43
7-Apr,3.49,-2.15,-1.46,0.44
7-May,3.24,0.24,-0.65,0.41
7-Jun,-1.96,0.76,-1.07,0.4
7-Jul,-3.73,-2.6,-3.72,0.4
7-Aug,0.92,-0.13,-1.86,0.42
7-Sep,3.22,-2.22,-2.23,0.32
7-Oct,1.8,0.13,-3.05,0.32
7-Nov,-4.83,-2.92,-0.95,0.34
7-Dec,-0.87,0.12,-0.54,0.27
8-Jan,-6.36,-1.04,3.98,0.21
8-Feb,-3.09,-0.43,-0.84,0.13
8-Mar,-0.93,0.71,0.3,0.17
8-Apr,4.6,-1.65,-1.04,0.18
8-May,1.86,3,-1.49,0.18
8-Jun,-8.44,1.2,-2.67,0.17
8-Jul,-0.77,2.61,5.42,0.15
8-Aug,1.53,3.6,1.59,0.13
8-Sep,-9.24,-1.23,5.92,0.15
8-Oct,-17.23,-2.6,-2.3,0.08
8-Nov,-7.86,-2.85,-6.31,0.03
8-Dec,1.74,3.46,0.15,0
9-Jan,-8.12,0.08,-11.29,0
9-Feb,-10.1,0.05,-6.95,0.01
9-Mar,8.95,0.04,3.48,0.02
9-Apr,10.18,5.39,5.36,0.01
9-May,5.21,-2.52,0.27,0
9-Jun,0.43,2.63,-2.73,0.01
9-Jul,7.72,1.87,4.84,0.01
9-Aug,3.33,-1.08,7.63,0.01
9-Sep,4.08,2.43,1.04,0.01
9-Oct,-2.59,-4.34,-4.2,0
9-Nov,5.56,-2.39,-0.34,0
9-Dec,2.75,6.04,-0.17,0.01
10-Jan,-3.36,0.4,0.43,0
10-Feb,3.4,1.19,3.23,0
10-Mar,6.31,1.48,2.21,0.01
10-Apr,2,4.87,2.89,0.01
10-May,-7.89,0.09,-2.44,0.01
10-Jun,-5.57,-1.82,-4.7,0.01
10-Jul,6.93,0.22,-0.33,0.01
10-Aug,-4.77,-2.98,-1.93,0.01
10-Sep,9.54,3.97,-3.18,0.01
10-Oct,3.88,1.19,-2.51,0.01
10-Nov,0.6,3.74,-0.92,0.01
10-Dec,6.82,0.69,3.76,0.01
11-Jan,1.99,-2.45,0.75,0.01
11-Feb,3.49,1.53,1.27,0.01
11-Mar,0.46,2.56,-1.85,0.01
11-Apr,2.9,-0.33,-2.49,0
11-May,-1.27,-0.67,-2,0
11-Jun,-1.75,-0.15,-0.39,0
11-Jul,-2.35,-1.27,-0.9,0
11-Aug,-5.99,-3.05,-2.36,0.01
11-Sep,-7.59,-3.31,-1.72,0
11-Oct,11.35,3.28,0.1,0
11-Nov,-0.28,-0.16,-0.45,0
11-Dec,0.74,-0.59,1.63,0
12-Jan,5.05,2.03,-0.97,0
12-Feb,4.42,-1.85,0.43,0
12-Mar,3.11,-0.65,1.14,0
12-Apr,-0.85,-0.41,-0.78,0
12-May,-6.19,0.07,-1.06,0.01
12-Jun,3.89,0.67,0.62,0
12-Jul,0.79,-2.77,-0.02,0
12-Aug,2.55,0.48,1.3,0.01
12-Sep,2.73,0.51,1.6,0.01
12-Oct,-1.76,-1.16,3.59,0.01
12-Nov,0.78,0.64,-0.84,0.01
12-Dec,1.18,1.5,3.51,0.01
13-Jan,5.57,0.33,0.96,0
13-Feb,1.29,-0.28,0.11,0
13-Mar,4.03,0.81,-0.19,0
13-Apr,1.55,-2.36,0.45,0
13-May,2.8,1.73,2.63,0
13-Jun,-1.2,1.33,0.03,0
13-Jul,5.65,1.86,0.57,0
13-Aug,-2.71,0.28,-2.69,0
13-Sep,3.77,2.91,-1.22,0
13-Oct,4.18,-1.56,1.25,0
13-Nov,3.13,1.29,0.32,0
13-Dec,2.81,-0.45,-0.02,0
14-Jan,-3.32,0.9,-2.07,0
14-Feb,4.65,0.37,-0.31,0
14-Mar,0.43,-1.85,4.93,0
14-Apr,-0.19,-4.2,1.17,0
14-May,2.06,-1.88,-0.13,0
14-Jun,2.61,3.08,-0.7,0
14-Jul,-2.04,-4.29,0.03,0
14-Aug,4.24,0.4,-0.45,0
14-Sep,-1.97,-3.72,-1.34,0
14-Oct,2.52,4.2,-1.81,0
14-Nov,2.55,-2.06,-3.09,0
14-Dec,-0.06,2.49,2.27,0
15-Jan,-3.11,-0.55,-3.58,0
15-Feb,6.13,0.61,-1.86,0
15-Mar,-1.12,3.04,-0.37,0
15-Apr,0.59,-3.03,1.82,0
15-May,1.36,0.92,-1.14,0
15-Jun,-1.53,2.9,-0.79,0
15-Jul,1.54,-4.19,-4.13,0
15-Aug,-6.04,0.33,2.77,0
15-Sep,-3.07,-2.63,0.56,0
15-Oct,7.75,-1.87,-0.46,0
15-Nov,0.56,3.59,-0.42,0
15-Dec,-2.17,-2.82,-2.61,0.01
16-Jan,-5.77,-3.43,2.09,0.01
16-Feb,-0.07,0.71,-0.57,0.02
16-Mar,6.96,0.82,1.19,0.02
16-Apr,0.91,0.74,3.28,0.01
16-May,1.78,-0.18,-1.66,0.01
16-Jun,-0.05,0.6,-1.48,0.02
16-Jul,3.95,2.51,-1.27,0.02
16-Aug,0.49,1.18,3.13,0.02
16-Sep,0.25,2.13,-1.23,0.02
16-Oct,-2.02,-4.42,4.12,0.02
16-Nov,4.86,5.67,8.19,0.01
16-Dec,1.81,0.08,3.56,0.03
17-Jan,1.94,-1.14,-2.76,0.04
17-Feb,3.57,-2.02,-1.68,0.04
17-Mar,0.17,1.14,-3.32,0.03
17-Apr,1.09,0.72,-2.1,0.05
17-May,1.06,-2.52,-3.78,0.06
17-Jun,0.78,2.23,1.48,0.06
17-Jul,1.87,-1.46,-0.24,0.07
17-Aug,0.16,-1.67,-2.09,0.09
17-Sep,2.51,4.46,3.12,0.09
17-Oct,2.25,-1.93,0.21,0.09
17-Nov,3.12,-0.58,-0.08,0.08
17-Dec,1.06,-1.32,0.05,0.09
18-Jan,5.57,-3.15,-1.33,0.12
18-Feb,-3.65,0.23,-1.07,0.11
18-Mar,-2.35,4.05,-0.23,0.11
18-Apr,0.28,1.14,0.54,0.14
18-May,2.65,5.26,-3.18,0.14
18-Jun,0.48,1.15,-2.33,0.14
18-Jul,3.19,-2.22,0.47,0.16
18-Aug,3.44,1.12,-3.99,0.16
18-Sep,0.06,-2.28,-1.69,0.15
18-Oct,-7.68,-4.77,3.44,0.19
18-Nov,1.69,-0.68,0.27,0.18
18-Dec,-9.57,-2.38,-1.86,0.2
19-Jan,8.4,2.9,-0.45,0.21
19-Feb,3.4,2.05,-2.68,0.18
19-Mar,1.1,-3.03,-4.1,0.19
19-Apr,3.97,-1.74,2.14,0.21
19-May,-6.94,-1.31,-2.34,0.21
19-Jun,6.93,0.28,-0.72,0.18
19-Jul,1.19,-1.93,0.47,0.19
19-Aug,-2.58,-2.36,-4.76,0.16
19-Sep,1.43,-0.97,6.74,0.18
19-Oct,2.06,0.29,-1.92,0.16
19-Nov,3.87,0.78,-2.01,0.12
19-Dec,2.77,0.73,1.76,0.14
20-Jan,-0.11,-3.1,-6.22,0.13
20-Feb,-8.13,1.07,-3.79,0.12
20-Mar,-13.39,-4.88,-13.97,0.13
20-Apr,13.65,2.49,-1.23,0
20-May,5.58,2.48,-4.89,0.01
20-Jun,2.46,2.7,-2.17,0.01
20-Jul,5.77,-2.32,-1.38,0.01
20-Aug,7.63,-0.22,-2.95,0.01
20-Sep,-3.63,0.04,-2.68,0.01
20-Oct,-2.1,4.36,4.21,0.01
20-Nov,12.47,5.82,2.14,0.01
20-Dec,4.63,4.89,-1.51,0.01
21-Jan,-0.03,7.34,2.96,0.01
21-Feb,2.78,2.06,7.18,0
21-Mar,3.08,-2.37,7.4,0
21-Apr,4.93,-3.19,-0.94,0
21-May,0.29,-0.25,7.08,0
21-Jun,2.75,1.7,-7.82,0
21-Jul,1.27,-3.99,-1.76,0
21-Aug,2.91,-0.43,-0.16,0
21-Sep,-4.37,0.72,5.08,0
21-Oct,6.65,-2.35,-0.48,0
21-Nov,-1.55,-1.32,-0.44,0
21-Dec,3.1,-1.66,3.28,0.01
22-Jan,-6.25,-5.94,12.75,0
22-Feb,-2.29,2.23,3.04,0
22-Mar,3.05,-1.6,-1.8,0.01
22-Apr,-9.46,-1.41,6.19,0.01
22-May,-0.34,-1.85,8.41,0.03
22-Jun,-8.43,2.09,-5.97,0.06
22-Jul,9.56,2.78,-4.08,0.08